question,answer,,,,,,,,,,,,,,,,,,,
  hi how are you doing  ,   im fine how about yourself    ,,,,,,,,,,,,,,,,,,,
  im fine how about yourself  ,  im pretty good thanks for asking   ,,,,,,,,,,,,,,,,,,,
  im pretty good thanks for asking  ,  no problem so how have you been   ,,,,,,,,,,,,,,,,,,,
  no problem so how have you been  ,  ive been great what about you   ,,,,,,,,,,,,,,,,,,,
  ive been great what about you  ,  ive been good im in school right now   ,,,,,,,,,,,,,,,,,,,
  Fungal infection  ,  itching  skinrash  nodalskineruptions  dischromic patches                ,,,,,,,,,,,,,,,,,,,
  Allergy  ,   continuoussneezing  shivering  chills  wateringfromeyes                ,,,,,,,,,,,,,,,,,,,
  GERD  ,   stomachpain  acidity  ulcersontongue  vomiting  cough  chestpain              ,,,,,,,,,,,,,,,,,,,
  AIDS  ,   musclewasting  patchesinthroat  highfever  extramaritalcontacts                ,,,,,,,,,,,,,,,,,,,
  Hypertension   ,   headache  chestpain  dizziness  lossofbalance  lackofconcentration               ,,,,,,,,,,,,,,,,,,,
  Migraine  ,   acidity  indigestion  headache  blurredanddistortedvision  excessivehunger  stiffneck  depression  irritability            ,,,,,,,,,,,,,,,,,,,
  Cervical spondylosis  ,   weaknessinlimbs  neckpain  dizziness  lossofbalance                ,,,,,,,,,,,,,,,,,,,
  Paralysis brain hemorrhage  ,   vomiting  headache  alteredsensorium                 ,,,,,,,,,,,,,,,,,,,
  Malaria  ,   chills  vomiting  highfever  sweating  nausea  diarrhoea  musclepain             ,,,,,,,,,,,,,,,,,,,
  Chicken pox  ,  itching  skinrash  fatigue  lethargy  highfever  headache  lossofappetite  mildfever  swelledlymphnodes  malaise  redspotsoverbody         ,,,,,,,,,,,,,,,,,,,
  Dengue  ,   skinrash  chills  jointpain  vomiting  fatigue  highfever  headache  nausea  lossofappetite  painbehindtheeyes  backpain  malaise  redspotsoverbody       ,,,,,,,,,,,,,,,,,,,
  Heart attack  ,   vomiting  sweating  chestpain                 ,,,,,,,,,,,,,,,,,,,
     What to do if Cuts     How to cure Cuts    Which medicine to apply for Cuts    what to apply on cuts    Cuts     ,     Wash the cut properly to prevent infection and stop the bleeding by applying pressure for 12minutes until bleeding stops   Apply Petroleum Jelly to make sure that the wound is moist for quick healing   Finally cover the cut with a sterile bandage   Pain relievers such as acetaminophen can be applied       ,,,,,,,,,,,,,,,,,,,
     how do you treat abrasions    Do Abrasions cause scars    Abrasions    what to do if abrasions    Which medicine to apply for abrasions    How to cure abrasions     ,     Begin with washed hands  Gently clean the area with cool to lukewarm water and mild soap   Remove dirt or other particles from the wound using sterilized tweezers  For a mild scrape that’s not bleeding leave the wound uncovered  If the wound is bleeding use a clean cloth or bandage and apply gentle pressure to the area to stop any bleeding  Cover a wound that bled with a thin layer of topical antibiotic ointment like Bacitracin or a sterile moisture barrier ointment like Aquaphor   Cover it with a clean bandage or gauze   Gently clean the wound and change the ointment and bandage once per day  Watch the area for signs of infection like pain or redness and swelling   See your doctor if you suspect infection       ,,,,,,,,,,,,,,,,,,,
     How do you treat Sting    Stings    What to do if you get a sting    Which medicine to apply if sting     ,     Remove any stingers immediately   Some experts recommend scraping out the stinger with a credit card   Applying ice to the site may provide some mild relief   Apply ice for 20 minutes once every hour as needed   Wrap the ice in a towel or keep a cloth between the ice and skin to keep from freezing the skin   Taking an antihistamine such as diphenhydramine Benadryl or a nonsedating one such as loratadine Claritin will help with itching and swelling   Take acetaminophen Tylenol or ibuprofen Motrinfor pain relief as needed   Wash the sting site with soap and water   Placing hydrocortisone cream on the sting can help relieve redness itching and swelling       ,,,,,,,,,,,,,,,,,,,
     How to remove Splinters    How to cure Splinters    What to do if I have splinters    How do you bring a splinter to the surface     ,     1   SOAK IT IN EPSOM SALTS   Dissolve a cup of the salts into a warm bath and soak whatever part of the body has the splinter   Failing that you can also put some of the salts onto a bandage pad and leave it covered for a day this will eventually help bring the splinter to the surface   2   VINEGAR OR OIL   Another simple way to draw out that stubborn splinter is to soak the affected area in oil olive or corn or white vinegar   Just pour some in a bowl and soak the area for around 20 to 30 minutes     ,,,,,,,,,,,,,,,,,,,
     How do you treat a sprain    what to do if i get a sprain    Which cream to apply if i get a sprain    Which medicine to apply if I get a sprain     ,     Use an ice pack or ice slush bath immediately for 15 to 20 minutes and repeat every two to three hours while youre awake   To help stop swelling compress the ankle with an elastic bandage until the swelling stops   In most cases pain relievers — such as ibuprofen Advil Motrin IB others or naproxen sodium Aleve others or acetaminophen Tylenol others are enough to manage the pain of a sprained ankle       ,,,,,,,,,,,,,,,,,,,
     How do you treat a strain    what to do if i get a strain    Which cream to apply if i get a strain    Which medicine to apply if I get a strain    How do you diagnose a strain    Is heat or ice better for a pulled muscle     ,     RestIceCompression and Elevation can be used to cure strains   Avoid using your muscle for a few days especially if movement causes an increase in pain and also Apply ice immediately after injuring your muscle   This will minimize swelling   Don’t put ice directly on your skin   Use an ice pack or wrap ice in a towel   To reduce swelling wrap the affected area with an elastic bandage until swelling comes down       ,,,,,,,,,,,,,,,,,,,
     How do you treat a mild Fever    what to do if i get a mild fever    Which medicine to take if I get a mild fever    fever     ,     To treat a fever at home   ,,,,,,,,,,,,,,,,,,,
     How do you treat nasal Congestion    what to do if i get a nasal congestion    Which medicine to take if I have a nasal congestion    what to do if i have a blocked nose    How do you treat a blocked nose    How long does nasal congestion last     ,     When you’re stuffed up focus on keeping your nasal passages and sinuses moist   To keep your nasal passages moist you can   ,,,,,,,,,,,,,,,,,,,
     How to cure cough   How do you treat cough    what to do if i get a cough    Which medicine to take if I get cough    How do you get rid of cough     ,     1 Honey   ,,,,,,,,,,,,,,,,,,,
     How do you treat sore throat    what to do if i get a sore throat    Which medicine to take if I get a sore throat    How to cure sore throat     ,     1 Make sure you get plenty of rest and drink a lot of fluids   2Inhale steamRun hot water in a sink  Drape a towel over you to trap the steam and have the person lean over the sink with the water running   Tell him to breathe deeply through his mouth and nose for 5 to 10 minutes   Repeat several times a day   3Have him sip chicken broth or warm tea with honey   Don’t give honey to a child under 12 months of age       ,,,,,,,,,,,,,,,,,,,
     How do you treat gas problems    what to do if i have Gastrointestinal problems    Which medicine to take if I get gas problem    How to cure Gas problems     ,     1 Replenish body fluids 2Do not take antidiarrheal drugs or laxatives or pain medication unless specified by a medical professional  3Taking antacids may help per recommendation of a healthcare professional   4If prone to frequent heartburns seek medical help   5Taking meals that are not spicy regularly can relieve ulcer pains   6Seek medical help if conditions persist or continue to worsen     ,,,,,,,,,,,,,,,,,,,
     How do you treat Skin problems    what to do if i get a skin allergy    Which medicine to take if I get a skin allergy    How to cure skin allergy     ,     1Hydrocortisone cream   2Ointments like calamine lotion   3Antihistamines   4Cold compresses   5Oatmeal baths   6Talk to your doctor about whats best for your specific rash       ,,,,,,,,,,,,,,,,,,,
     How do you treat Abdonominal Pain    what to do if i get a Abdonominal Pain    Which medicine to take if I get a Abdonominal Pain    How to cure Abdonominal Pain     ,     1Provide clear fluids to sip such as water broth or fruit juice diluted with water   2Serve bland foods such as saltine crackers plain bread dry toast rice gelatin or applesauce   3Avoid spicy or greasy foods and caffeinated or carbonated drinks until 48 hours after all symptoms have gone away        ,,,,,,,,,,,,,,,,,,,
     How do you treat Bruises    what to do if i get a Bruise    Which medicine to take if I get a Bruise    How to cure Bruises     ,     1Ice the bruise with an ice pack wrapped in a towel   2Leave it in place for 10 to 20 minutes   3Repeat several times a day for a day or two as needed   4Compress the bruised area if it is swelling using an elastic bandage        ,,,,,,,,,,,,,,,,,,,
     How do you treat a Broken Toe    what to do if i get a Broken Toe    Which medicine to take if I get a Broken Toe    How to cure Broken Toe     ,     1To help decrease pain and swelling in a broken toe elevate the foot ice the injury and stay off the foot   2Depending on the severity of the fracture the toe may need to be put back into place reduced and some compound toe fractures may require surgery  3 Most broken toes heal without complications in six weeks       ,,,,,,,,,,,,,,,,,,,
     How do you treat Choking    what to do if i get a Choke    Which medicine to take if I get Choked    How to cure Choking     ,     1Encourage them to keep coughing to try to clear the blockage   2Ask them to try to spit out the object if its in their mouth   3If coughing doesnt work start back blows and Abdonominal thrusts     ,,,,,,,,,,,,,,,,,,,
     How do you treat a wound    what to do if i get a Wound    Which medicine to take if I get wounded    How to cure a wound     ,     1Rinse the cut or wound with water and apply pressure with sterile gauze a bandage or a clean cloth   2If blood soaks through the bandage place another bandage on top of the first and keep applying pressure   3Raise the injured body part to slow bleeding   4When bleeding stops cover the wound with a new clean bandage       ,,,,,,,,,,,,,,,,,,,
     How do you treat Diarrhea    what to do if i get Diarrhea    Which medicine to take if I get Diarrhea    How to cure Diarrhea     ,     1Hydrating the body is essential for recovering from diarrhea  This causes the body to lose electrolytes such as sodium and chloride   2It is highly recommended to avoid dairy products as they may worsen diarrhea in some people   3However if diarrhea lasts for more than 2 days seek medical advice to avoid complications       ,,,,,,,,,,,,,,,,,,,
     How do you treat a Frost bite    what to do if i get a Frost bite    Which medicine to take if I get a Frost bite    How to cure Frost bite     ,     1Get out of the cold   Once youre in a warm space remove wet clothes and wrap up in a warm blanket   2 Gently rewarm frostbitten areas   Soak frostbitten fingers toes or other extremities in warm water — 105 to 110 F about 40 to 43 C   If a thermometer isnt available test the water by placing an uninjured hand or elbow in it — it should feel very warm not hot   Soak for 20 to 30 minutes or until the skin becomes its normal color or loses its numbness   For the face or ears apply a warm wet washcloth        ,,,,,,,,,,,,,,,,,,,
     How do you treat Heat Exhaustion    what to do if i feel Exhausted due to heat    Which medicine to take if I get Exhausted    How to cure Heat Exhaustion     ,     1Move the person out of the heat and into a shady or airconditioned place   Lay the person down and elevate the legs and feet slightly   Remove tight or heavy clothing   Have the person drink cool water or other nonalcoholic beverage without caffeine      ,,,,,,,,,,,,,,,,,,,
     How do you treat Heat Stroke    what to do if i get a Heat Stroke    Which medicine to take if I get Stroke    How to cure a Heat Stroke     ,     1Cool the persons entire body by sponging or spraying cold water and fan the person to help lower the persons body temperature   Watch for signs of rapidly progressing heatstroke such as seizure unconsciousness for longer than a few seconds and moderate to severe difficulty breathing        ,,,,,,,,,,,,,,,,,,,
     How do you treat a Insect Bite    what to do if a insect bites me    Which medicine to take if I get bitten by a insect    How to cure insect bite     ,     1 Wash the affected area with soap and water   Apply a cold compress such as a flannel or cloth cooled with cold water or an ice pack to any swelling for at least 10 minutes   Raise or elevate the affected area if possible as this can help reduce swelling        ,,,,,,,,,,,,,,,,,,,
     How do you treat a bleeding nose    what to do if i my nose is bleeding    Which medicine to take if I get nose bleed    How to cure nose bleeding     ,     1 Wash the affected area with soap and water   Apply a cold compress such as a flannel or cloth cooled with cold water or an ice pack to any swelling for at least 10 minutes   Raise or elevate the affected area if possible as this can help reduce swelling      ,,,,,,,,,,,,,,,,,,,
     How do you treat a Pulled Muscle    what to do if my muscle is pulled    Which medicine to take if I got pulled muscle    How to cure a pulled muscle     ,     1 Apply ice for 10 to 15 minutes every 1 hour for the first day and every 3 to 4 hours after that   Use ice for the first 3 days   After 3 days either heat or ice may be helpful if you still have pain   Rest the pulled muscle for at least a day        ,,,,,,,,,,,,,,,,,,,
     How do you treat Rectal Bleeding    what to do if i get a Rectal Bleeding    Which medicine to take if I get Rectal Bleeding    How to cure Rectal Bleeding     ,     1 For minimal bleeding due to hemorrhoids or rectal fissures physicians will usually direct home treatment with lots of water ice packs and possibly over the counter ointments or suppositories to create movement in the bowels or to soften the stool   Emergency treatment might include an IV in the case of dehydration        ,,,,,,,,,,,,,,,,,,,
     How do you treat Sun Burn    what to do if i get a Sun Burn    Which medicine to take if I get Sun Burn    How to cure a Sun Burn     ,     1 Cool the skin 2 Drink water to prevent dehydration   3 Take a pain reliever such as ibuprofen Advil Motrin IB others to help with the discomfort and swelling of sunburn        ,,,,,,,,,,,,,,,,,,,
     How do you treat Testicle Pain    what to do if i get a Testicle Pain    Which medicine to take if I get a Testicle Pain    How to cure Testicle Pain     ,     1 For pain take overthecounter medication such as acetaminophen Tylenol or ibuprofen Advil Motrin   For swelling apply an ice pack to the scrotum        ,,,,,,,,,,,,,,,,,,,
     How do you treat a Vertigo    what to do if i get a Vertigo    Which medicine to take if I get Vertigo    How to cure a Vertigo     ,     1 Relieve or Prevent Dizziness   Have the person lie down and rest 2 Keep the Person Safe   Help the person avoid falls 3 Call a Health Care Provider   Any new signs and symptoms of vertigo should be checked by a health care provider       ,,,,,,,,,,,,,,,,,,,
     How do you treat bleeding    what to do if i get a Bleeding    Which medicine to take if I get bleeding    How to cure Bleeding     ,     1 First aid actions to manage external bleeding include applying direct pressure to the wound maintaining the pressure using pads and bandages and raising the injured limb above the level of the heart if possible        ,,,,,,,,,,,,,,,,,,,
     How do you treat an eye Injury    what to do if i get a eye Injury    Which medicine to take if I injured my eye    How to cure injured eye     ,     1 DO NOT rub the eye 2Blink several times and allow tears to flush out the particle 3 Lift the upper eyelid over the lashes of your lower lid to let the eyelashes try to brush the particle out   4 Use eyewash saline solution or running tap water to flush the eye out      ,,,,,,,,,,,,,,,,,,,
     How do you treat a chemical burn    what to do if i get a Chemical Burn    Which medicine to take if I get burn due to chemicals    How to cure Chemical Burn     ,     1 rinsed with water · Flush the area for at least 20 minutes   · As you flush the area take off any clothing or jewellery that has the chemical on it 2 Dont use a strong stream of water if possible   3Dont try to neutralize the burn with acid or alkali   This could cause a chemical reaction that worsens the burn 4 Dont put antibiotic ointment on the burn        ,,,,,,,,,,,,,,,,,,,
     How do you treat a Poison    what to do if i get Poison    Which medicine to take if I am poisoned    How to cure Poisoning     ,     1 Get to fresh air right away   Call the tollfree Poison Help line 18002221222 which connects you to your local poison center 2 Take off any clothing the poison touched   Rinse skin with running water for 15 to 20 minutes   Call the tollfree Poison Help line 18002221222 which connects you to your local poison center  3 If the person swallowed the wrong medicine or too much medicine   ,,,,,,,,,,,,,,,,,,,
     How do you treat broken Teeth     what to do if my Teeth got broken    Which medicine to take if I get broken teeth    cure broken teeth     ,     1 lick the tooth clean if its dirty or rinse it in water   put it back into position adult teeth only never try to reinsert a baby tooth see below bite on a handkerchief to hold the tooth in place   go to see a dentist as an emergency      ,,,,,,,,,,,,,,,,,,,
     How do you treat a seizure    what to do if i get a seizure    Which medicine to take if I get seizure    How to cure seizure     ,     1 Stay calm and remain with the person 2 If they have food or fluid in their mouth roll them onto their side immediately 3 Place something soft under their head and loosen any tight clothing        ,,,,,,,,,,,,,,,,,,,
     How do you treat a head Injury    what to do if i get a Head Injury    Which medicine to take if I get injured in the head    How to cure Head Injury     ,     1 Apply firm pressure to the wound with sterile gauze or a clean cloth   But dont apply direct pressure to the wound if you suspect a skull fracture        ,,,,,,,,,,,,,,,,,,,
     How do you treat Faint    what to do if i feel like Fainting    Which medicine to take if I get a Faint    How to cure Fainting     ,     1 Lie down or sit down   To reduce the chance of fainting again dont get up too quickly 2 Place your head between your knees if you sit down 3Position the person on his or her back   If there are no injuries and the person is breathing raise the persons legs above heart level — about 12 inches 30 centimeters — if possible   Loosen belts collars or other constrictive clothing        ,,,,,,,,,,,,,,,,,,,
     How do you treat a mild Headache    what to do if i get a mild Headache    Which medicine to take if I have a mild headache    How to cure a mild headache     ,     Give ibuprofen Advil Motrin aspirin or acetaminophen Tylenol for pain   Avoid ibuprofen and other NSAIDs if the person has heart failure or kidney failure   Do not give aspirin to a child under age 18       ,,,,,,,,,,,,,,,,,,,
     How do you treat a Cold    what to do if i get a mild Cold    Which medicine to take if I have a Cold    How to cure Cold     ,     1Keeping hydrated is absolutely vital to help flush out the cold as well as to break down congestion and keep your throat lubricated   2Vitamin C is extremely helpful when fighting infection so at the first sign of a cold be sure to increase your intake by eating plenty of berries citrus fruits papayas broccoli and red peppers which will help keep you protected   3When it comes to combating a coldVitamin D is essential in helping to regulate immune response       ,,,,,,,,,,,,,,,,,,,
     How do you treat Rashes    what to do if i get a Rash    Which medicine to take if I have a Rash    How to cure Rash     ,     1Olive oil helps in healing and promotes skin renewal given it is packed with vitamin E and antioxidants   It also soothes the skin and reduces itching   2Baking soda is useful in drying skin rashes as also in relieving itching and inflammation   3Aloe VeraThanks to its antibacterial antifungal antiinflammatory and emollient properties aloe vera is excellent for treating a number of skin ailments including rashes as also soothing the skin       ,,,,,,,,,,,,,,,,,,,
     How do you treat a snake bite    what to do if i get a snake bite    Which medicine to take if I get a snake bite    How to cure snake bite    i got bit by a snake     ,     While waiting for medical help   ,,,,,,,,,,,,,,,,,,,
     How do you treat a animal bite    How do you treat a monkey bite   How do you treat a dog bite    what to do if i get a animal bite    Which medicine to take if I get a monekey bite    How to cure dog bite    i got bit by a dog     ,     1Wash the wound with soap and warm water   2Gently press a clean cloth over the wound to stop the flow of blood   3Apply an antibacterial ointment to the wound   4Cover with a sterile bandage   5Watch for signs of infection   6Seek help if you suspect infection or possible exposure to rabies or if the wound is severe       ,,,,,,,,,,,,,,,,,,,
     What to do if someone is Drowning    what to do if someone drowned    What steps to take if i see a drowning person    How to help a drowning person     ,     1Place your ear next to the persons mouth and nose   Do you feel air on your cheek 2Look to see if the persons chest is moving  If the Person is Not Breathing Check Pulse   3Check the persons pulse for 10 seconds  If There is No Pulse Start CPR       ,,,,,,,,,,,,,,,,,,,
     How to give CPR    what to do in a CPR    What steps to take in a CPR    How to help a drowning person in CPR     ,     1For an adult or child place the heel of one hand on the center of the chest at the nipple line   You can also push with one hand on top of the other   For an infant place two fingers on the breastbone   2For an adult or child press down at least 2 inches   Make sure not to press on ribs   For an infant press down about 1 and 1/2 inches   Make sure not to press on the end of the breastbone   3Do chest compressions only at the rate of 100120 per minute or more   Let the chest rise completely between pushes   4Check to see if the person has started breathing       ,,,,,,,,,,,,,,,,,,,
     How do you treat a Fracture    what to do if i get a Fracture    Which medicine to take if I have a Fracture    How to cure a Fracture     ,     1Stop any bleeding   Apply pressure to the wound with a sterile bandage a clean cloth or a clean piece of clothing   2Immobilize the injured area   Dont try to realign the bone or push a bone thats sticking out back in   If youve been trained in how to splint and professional help isnt readily available apply a splint to the area above and below the fracture sites   Padding the splints can help reduce discomfort   3Apply ice packs to limit swelling and help relieve pain   Dont apply ice directly to the skin   Wrap the ice in a towel piece of cloth or some other material   4Treat for shock   If the person feels faint or is breathing in short rapid breaths lay the person down with the head slightly lower than the trunk and if possible elevate the legs       ,,,,,,,,,,,,,,,,,,,
  Drug Reaction  ,  An adverse drug reaction ADR is an injury caused by taking medication ADRs may occur following a single dose or prolonged administration of a drug or result from the combination of two or more drugs   ,,,,,,,,,,,,,,,,,,,consult a doctor immediately.
  Malaria  ,  An infectious disease caused by protozoan parasites from the Plasmodium family that can be transmitted by the bite of the Anopheles mosquito or by a contaminated needle or transfusion Falciparum malaria is the most deadly type. Take Antiparasitic and Antibiotics.   ,,,,,pe.,,,,,,,,,,,,,,
  Allergy  ,  An allergy is an immune system response to a foreign substance thats not typically harmful to your bodyThey can include certain foods. Seek medical advice immediately.,,,,,,,,,,,,,,,,,,,
  Hypothyroidism  ,  Hypothyroidism. ,,,,,,,,,,,,,,,,,,,
  Psoriasis  ,  Psoriasis is a common skin disorder that forms thick,,,,,,,,,,,,,,,,,,,
  GERD  ,  Gastroesophageal reflux disease,,,,,,,,,,,,,,,,,,,
  Chronic cholestasis  ,  Chronic cholestatic diseases,,,,,,,,,,,,,,,,,,,
  hepatitis A  ,  Hepatitis A is a highly contagious liver infection caused by the hepatitis A virus The virus is one of several types of hepatitis viruses that cause inflammation and affect your livers ability to function   ,,,,,,,,,,,,,,,,,,,
  Osteoarthristis  ,  Osteoarthritis is the most common form of arthritis,,,,,,,,,,,,,,,,,,,
  vertigo Paroymsal  Positional Vertigo  ,  Benign paroxysmal positional vertigo BPPV is one of the most common causes of vertigo — the sudden sensation that youre spinning or that the inside of your head is spinning Benign paroxysmal positional vertigo causes brief episodes of mild to intense dizziness   ,,,,,,,,,,,,,,,,,,,
  Hypoglycemia  ,   Hypoglycemia is a condition in which your blood sugar glucose level is lower than normal Glucose is your bodys main energy source Hypoglycemia is often related to diabetes treatment But other drugs and a variety of conditions — many rare — can cause low blood sugar in people who dont have diabetes   ,,,,,,,,,,,,,,,,,,,
  Acne  ,  Acne vulgaris is the formation of comedones Try medication or self-care,,,,,,,,,,,,,,,,,,,
  Diabetes  ,  Diabetes is a disease that occurs when your blood glucose follow diet do regular exercise and medications may help,,,,,,,,,,,,,,,,,,,
  Impetigo  ,  Impetigo impuhTIEgo is a common and highly contagious skin infection that mainly affects infants and children Impetigo usually appears as red sores on the face,,,,,,,,,,,,,,,,,,,
  Hypertension  ,  Hypertension HTN or HT also known as high blood pressure HBP is a longterm medical condition in which the blood pressure in the arteries is persistently elevated High blood pressure typically does not cause symptoms   eating healthier diet with less salt helps a lot ,,,,,,,,,,,,,,,,,,,
  Peptic ulcer diseae  ,  Peptic ulcer disease PUD is a break in the inner lining of the stomach,,,,,,,,,,,,,,,,,,,
  Dimorphic hemorrhoidspiles  ,  Hemorrhoids,,,,,,,,,,,,,,,,,,,
  Common Cold  ,  The common cold is a viral infection of your nose and throat upper respiratory tract Its usually harmless,,,,,,,,,,take flucold or coldact tablets.,,,,,,,,,
  Chicken pox  ,  Chickenpox is a highly contagious disease caused by the varicellazoster virus VZV It can cause an itchy,,,,,,,,,,takenatural treatment for better results.,,,,,,,,,
  Cervical spondylosis  ,  Cervical spondylosis is a general term for agerelated wear and tear affecting the spinal disks in your neck As the disks dehydrate and shrink,,,,,,,,,,,,,,,,,,,
  Hyperthyroidism  ,  Hyperthyroidism overactive thyroid occurs when your thyroid gland produces too much of the hormone thyroxine Hyperthyroidism can accelerate your bodys metabolism,,,,,,,,,,,,,,,,,,,
  Urinary tract infection  ,  Urinary tract infection: An infection of the kidney,,,,,,,,,,,,,,,,,,,
  Varicose veins  ,  A vein that has enlarged and twisted,,,,,,,,,,,,,,,,,,,
  AIDS  ,  Acquired immunodeficiency syndrome AIDS is a chronic,,,,,,,,,,,,,,,,,,,
  Paralysis brain hemorrhage  ,  Intracerebral hemorrhage ICH is when blood suddenly bursts into brain tissue,,,,,,,,,,,,,,,,,,,
  Typhoid  ,  An acute illness characterized by fever caused by infection with the bacterium Salmonella typhi Typhoid fever has an insidious onset,,,,,,,,,,,,,,,,,,,
  Hepatitis B  ,  Hepatitis B is an infection of your liver It can cause scarring of the organ,,,,,,,,,,,,,,,,,,,
  Fungal infection  ,  In humans,,,,,,,,,,,,,,,,,,,
  Hepatitis C  ,  Inflammation of the liver due to the hepatitis C virus HCV which is usually spread via blood transfusion rare hemodialysis,,,,,,,,,,,,,,,,,,,
  Migraine  ,  A migraine can cause severe throbbing pain or a pulsing sensation,,,,,,,,,,,,,,,,,,,
  Bronchial Asthma  ,  Bronchial asthma is a medical condition which causes the airway path of the lungs to swell and narrow Due to this swelling,,,,,,,,,,,,,,,,,,,
  Alcoholic hepatitis  ,  Alcoholic hepatitis is a diseased,,,,,,,,,,,,,,,,,,,
  Jaundice  ,  Yellow staining of the skin and sclerae the whites of the eyes by abnormally high blood levels of the bile pigment bilirubin The yellowing extends to other tissues and body fluids Jaundice was once called the morbus regius the regal disease in the belief that only the touch of a king could cure it   ,,,,,,,,,,,,,,,,,,,
  Hepatitis E  ,  A rare form of liver inflammation caused by infection with the hepatitis E virus HEV It is transmitted via food or drink handled by an infected person or through infected water supplies in areas where fecal matter may get into the water Hepatitis E does not cause chronic liver disease   ,,,,,,,,,,,,,,,,,,,
  Dengue  ,  an acute infectious disease caused by a flavivirus species Dengue virus of the genus Flavivirus transmitted by aedes mosquitoes,,,,,,,,,,,,,,,,,,,
  Hepatitis D  ,  Hepatitis D,,,,,,,,,,,,,,,,,,,
  Heart attack  ,  The death of heart muscle due to the loss of blood supply The loss of blood supply is usually caused by a complete blockage of a coronary artery,,,,,,,,,,,,,,,,,,,
  Pneumonia  ,  Pneumonia is an infection in one or both lungs Bacteria,,,,,,,,,,,,,,,,,,,
  Arthritis  ,  Arthritis is the swelling and tenderness of one or more of your joints The main symptoms of arthritis are joint pain and stiffness,,,,,,,,,,,,,,,,,,,
  Gastroenteritis  ,  Gastroenteritis is an inflammation of the digestive tract,,,,,,,,,,,,,,,,,,,
  Tuberculosis  ,  Tuberculosis TB is an infectious disease usually caused by Mycobacterium tuberculosis MTB bacteria Tuberculosis generally affects the lungs,,,,,,,,,,,,,,,,,,,
  Drug Reaction  ,  stop irritation consult nearest hospital stop taking drug follow up   ,,,,,,,,,,,,,,,,,,,
  Malaria  ,  Consult nearest hospital avoid oily food avoid non veg food keep mosquitos out   ,,,,,,,,,,,,,,,,,,,
  Allergy  ,  apply calamine cover area with bandage  use ice to compress itching   ,,,,,,,,,,,,,,,,,,,
  Hypothyroidism  ,  reduce stress exercise eat healthy get proper sleep   ,,,,,,,,,,,,,,,,,,,
  Psoriasis  ,  wash hands with warm soapy water stop bleeding using pressure consult doctor salt baths   ,,,,,,,,,,,,,,,,,,,
  GERD  ,  avoid fatty spicy food avoid lying down after eating maintain healthy weight exercise   ,,,,,,,,,,,,,,,,,,,
  Chronic cholestasis  ,  cold baths anti itch medicine consult doctor eat healthy   ,,,,,,,,,,,,,,,,,,,
  hepatitis A  ,  Consult nearest hospital wash hands through avoid fatty spicy food medication   ,,,,,,,,,,,,,,,,,,,
  Osteoarthristis  ,  acetaminophen consult nearest hospital follow up salt baths   ,,,,,,,,,,,,,,,,,,,
  vertigo Paroymsal  Positional Vertigo  ,  lie down avoid sudden change in body avoid abrupt head movment relax   ,,,,,,,,,,,,,,,,,,,
  Hypoglycemia  ,  lie down on side check in pulse drink sugary drinks consult doctor   ,,,,,,,,,,,,,,,,,,,
  Acne  ,  bath twice avoid fatty spicy food drink plenty of water avoid too many products   ,,,,,,,,,,,,,,,,,,,
  Diabetes   ,  have balanced diet exercise consult doctor follow up   ,,,,,,,,,,,,,,,,,,,
  Impetigo  ,  soak affected area in warm water use antibiotics remove scabs with wet compressed cloth consult doctor   ,,,,,,,,,,,,,,,,,,,
  Hypertension   ,  meditation salt baths reduce stress get proper sleep   ,,,,,,,,,,,,,,,,,,,
  Peptic ulcer diseae  ,  avoid fatty spicy food consume probiotic food eliminate milk limit alcohol   ,,,,,,,,,,,,,,,,,,,
  Dimorphic hemmorhoidspiles  ,  avoid fatty spicy food consume witch hazel warm bath with epsom salt consume alovera juice   ,,,,,,,,,,,,,,,,,,,
  Common Cold  ,  drink vitamin c rich drinks take vapour avoid cold food keep fever in check   ,,,,,,,,,,,,,,,,,,,
  Chicken pox  ,  use neem in bathing  consume neem leaves take vaccine avoid public places   ,,,,,,,,,,,,,,,,,,,
  Cervical spondylosis  ,  use heating pad or cold pack exercise take otc pain reliver consult doctor   ,,,,,,,,,,,,,,,,,,,
  Hyperthyroidism  ,  eat healthy massage use lemon balm take radioactive iodine treatment   ,,,,,,,,,,,,,,,,,,,
  Urinary tract infection  ,  drink plenty of water increase vitamin c intake drink cranberry juice take probiotics   ,,,,,,,,,,,,,,,,,,,
  Varicose veins  ,  lie down flat and raise the leg high use oinments use vein compression dont stand still for long   ,,,,,,,,,,,,,,,,,,,
  AIDS  ,  avoid open cuts wear ppe if possible consult doctor follow up   ,,,,,,,,,,,,,,,,,,,
  Paralysis brain hemorrhage  ,  massage eat healthy exercise consult doctor   ,,,,,,,,,,,,,,,,,,,
  Typhoid  ,  eat high calorie vegitables antiboitic therapy consult doctor medication   ,,,,,,,,,,,,,,,,,,,
  Hepatitis B  ,  consult nearest hospital vaccination eat healthy medication   ,,,,,,,,,,,,,,,,,,,
  Fungal infection  ,  bath twice use detol or neem in bathing water keep infected area dry use clean cloths   ,,,,,,,,,,,,,,,,,,,
  Hepatitis C  ,  Consult nearest hospital vaccination eat healthy medication   ,,,,,,,,,,,,,,,,,,,
  Migraine  ,  meditation reduce stress use poloroid glasses in sun consult doctor   ,,,,,,,,,,,,,,,,,,,
  Bronchial Asthma  ,  switch to loose cloothing take deep breaths get away from trigger seek help   ,,,,,,,,,,,,,,,,,,,
  Alcoholic hepatitis  ,  stop alcohol consumption consult doctor medication follow up   ,,,,,,,,,,,,,,,,,,,
  Jaundice  ,  drink plenty of water consume milk thistle eat fruits and high fiberous food medication   ,,,,,,,,,,,,,,,,,,,
  Hepatitis E  ,  stop alcohol consumption rest consult doctor medication   ,,,,,,,,,,,,,,,,,,,
  Dengue  ,  drink papaya leaf juice avoid fatty spicy food keep mosquitos away keep hydrated   ,,,,,,,,,,,,,,,,,,,
  Hepatitis D  ,  consult doctor medication eat healthy follow up   ,,,,,,,,,,,,,,,,,,,
  Heart attack  ,  call ambulance chew or swallow asprin keep calm    ,,,,,,,,,,,,,,,,,,,
  Pneumonia  ,  consult doctor medication rest follow up   ,,,,,,,,,,,,,,,,,,,
  Arthritis  ,  exercise use hot and cold therapy try acupuncture massage   ,,,,,,,,,,,,,,,,,,,
  Gastroenteritis  ,  stop eating solid food for while try taking small sips of water rest ease back into eating   ,,,,,,,,,,,,,,,,,,,
  Tuberculosis  ,  cover mouth consult doctor medication rest   ,,,,,,,,,,,,,,,,,,,
